{"freq":{"0":0.0,"1":0.0106382979,"2":0.0212765957,"3":0.0319148936,"4":0.0425531915,"5":0.0531914894,"6":0.0638297872,"7":0.0744680851,"8":0.085106383,"9":0.0957446809,"10":0.1063829787,"11":0.1170212766,"12":0.1276595745,"13":0.1382978723,"14":0.1489361702,"15":0.1595744681,"16":0.170212766,"17":0.1808510638,"18":0.1914893617,"19":0.2021276596,"20":0.2127659574,"21":0.2234042553,"22":0.2340425532,"23":0.2446808511,"24":0.2553191489},"power":{"0":3664.2237594114,"1":13282.8020924889,"2":2341.6687684557,"3":76.1017558415,"4":376.5406584783,"5":262.7937291939,"6":99.8958694251,"7":4.3141668409,"8":25.3222759,"9":90.2158113052,"10":37.6423725418,"11":13.0007994469,"12":12.9204087475,"13":6.6084535821,"14":2.6263684884,"15":2.8368433717,"16":3.6875762306,"17":0.8190643841,"18":7.5958955841,"19":27.2189663291,"20":11.013494117,"21":2.854735483,"22":9.7882515401,"23":28.3327206997,"24":25.3117249205}}