{"freq":{"0":0.0,"1":0.0106382979,"2":0.0212765957,"3":0.0319148936,"4":0.0425531915,"5":0.0531914894,"6":0.0638297872,"7":0.0744680851,"8":0.085106383,"9":0.0957446809,"10":0.1063829787,"11":0.1170212766,"12":0.1276595745,"13":0.1382978723,"14":0.1489361702,"15":0.1595744681,"16":0.170212766,"17":0.1808510638,"18":0.1914893617,"19":0.2021276596,"20":0.2127659574,"21":0.2234042553,"22":0.2340425532,"23":0.2446808511,"24":0.2553191489},"Sxx":{"0":279.3275308152,"1":25485.8149558897,"2":5344.5054203526,"3":637.9537302961,"4":836.3784655718,"5":106.4608770492,"6":286.4345396619,"7":115.1238352985,"8":63.6645470025,"9":77.6457066663,"10":10.4851710415,"11":12.3696298014,"12":8.4832291969,"13":4.4372313895,"14":0.1739599291,"15":2.212448771,"16":4.0180014961,"17":0.2602424343,"18":0.6637095644,"19":31.9754241031,"20":3.7155647542,"21":0.3115988933,"22":12.3879470516,"23":12.245249758,"24":18.870233921}}