{"freq":{"0":0.0,"1":0.0106382979,"2":0.0212765957,"3":0.0319148936,"4":0.0425531915,"5":0.0531914894,"6":0.0638297872,"7":0.0744680851,"8":0.085106383,"9":0.0957446809,"10":0.1063829787,"11":0.1170212766,"12":0.1276595745,"13":0.1382978723,"14":0.1489361702,"15":0.1595744681,"16":0.170212766,"17":0.1808510638,"18":0.1914893617,"19":0.2021276596,"20":0.2127659574,"21":0.2234042553,"22":0.2340425532,"23":0.2446808511,"24":0.2553191489},"power":{"0":239.3743483626,"1":353.0518520076,"2":227.036966513,"3":101.451398668,"4":17.4551147052,"5":8.5117245265,"6":7.8225190742,"7":5.3990224127,"8":3.1991018962,"9":2.4038617717,"10":2.5228692436,"11":1.4949205637,"12":0.5534131158,"13":0.3695979592,"14":0.3507225681,"15":0.2409979191,"16":0.2012893148,"17":0.3644775876,"18":0.5862648587,"19":0.6723446616,"20":0.7740601736,"21":0.6590322907,"22":0.8833465088,"23":1.6038660119,"24":0.94381879}}