{"freq":{"0":0.0,"1":0.0106382979,"2":0.0212765957,"3":0.0319148936,"4":0.0425531915,"5":0.0531914894,"6":0.0638297872,"7":0.0744680851,"8":0.085106383,"9":0.0957446809,"10":0.1063829787,"11":0.1170212766,"12":0.1276595745,"13":0.1382978723,"14":0.1489361702,"15":0.1595744681,"16":0.170212766,"17":0.1808510638,"18":0.1914893617,"19":0.2021276596,"20":0.2127659574,"21":0.2234042553,"22":0.2340425532,"23":0.2446808511,"24":0.2553191489},"power":{"0":11.7313581443,"1":10.0744593176,"2":1.5325033203,"3":0.0919845211,"4":0.1246470373,"5":0.3234208853,"6":0.0914090079,"7":0.0011318763,"8":0.0105318092,"9":0.0162453212,"10":0.0054719458,"11":0.0066065654,"12":0.0100293554,"13":0.0134488928,"14":0.0149971033,"15":0.0079539249,"16":0.0044868138,"17":0.0176706368,"18":0.0115681467,"19":0.0012448755,"20":0.0038937897,"21":0.001889925,"22":0.0001672409,"23":0.0084600667,"24":0.0119320605}}