{"freq":{"0":0.0,"1":0.0106382979,"2":0.0212765957,"3":0.0319148936,"4":0.0425531915,"5":0.0531914894,"6":0.0638297872,"7":0.0744680851,"8":0.085106383,"9":0.0957446809,"10":0.1063829787,"11":0.1170212766,"12":0.1276595745,"13":0.1382978723,"14":0.1489361702,"15":0.1595744681,"16":0.170212766,"17":0.1808510638,"18":0.1914893617,"19":0.2021276596,"20":0.2127659574,"21":0.2234042553,"22":0.2340425532,"23":0.2446808511,"24":0.2553191489},"Sxx":{"0":9.0317656075,"1":11.5029401142,"2":8.5958813152,"3":4.7385457036,"4":3.9055718685,"5":3.7576839609,"6":1.8509616634,"7":0.8197340252,"8":0.521972903,"9":0.3010503576,"10":0.1119833269,"11":0.0453904082,"12":0.0228510697,"13":0.0066021721,"14":0.0472429705,"15":0.0289032552,"16":0.0281607556,"17":0.0831737873,"18":0.0592096167,"19":0.029051974,"20":0.0605034451,"21":0.0552999197,"22":0.0402943705,"23":0.0735536601,"24":0.0681961876}}